"年度","月份","有線寬頻帳號-ADSL","有線寬頻帳號-FTTX","有線寬頻帳號-Cable Modem","有線寬頻帳號-固接專線","無線寬頻帳號-PWLAN","總計"
"96","1","4011719","0","409956","29601","54008","4505284"
"96","2","4031845","0","408855","32001","54863","4527564"
"96","3","4061554","0","406252","32039","54678","4554523"
"96","4","4070571","0","405125","28238","55658","4559592"
"96","5","4077189","0","400569","31457","55586","4564801"
"96","6","4084238","0","400235","31373","56675","4572521"
"96","7","4093260","0","398214","30206","57127","4578807"
"96","8","3718854","381033","421563","29884","55886","4607220"
"96","9","3704675","407528","422302","29600","54898","4619003"
"96","10","3765713","447174","469600","25940","53109","4761536"
"96","11","3724153","478546","458991","30205","49750","4741645"
"96","12","3657261","554966","502629","29877","48956","4793689"
"97","1","3630686","583411","519584","30247","49691","4813619"
"97","2","3607134","609082","515276","48566","48900","4828958"
"97","3","3558825","651759","535713","49396","48643","4844336"
"97","4","3514478","707881","537029","49278","47988","4856654"
"97","5","3363883","904302","569993","50171","52806","4941155"
"97","6","3308905","936879","583023","51075","53402","4933284"
"97","7","3292282","993670","590023","36117","53056","4965148"
"97","8","3216422","1054956","601458","32217","53279","4958332"
"97","9","3152857","1121329","613649","34526","53962","4976323"
"97","10","3142295","1143837","626015","33504","54185","4999836"
"97","11","3084627","1209583","634411","32527","56898","5018046"
"97","12","3026166","1259041","648910","34003","56254","5024374"
"98","1","3008953","1302647","667105","33640","57896","5070241"
"98","2","2960679","1329901","678903","33465","58631","5061579"
"98","3","2907898","1379720","680375","33385","56428","5057806"
"98","4","2942793","1191864","715876","29315","50106","4929954"
"98","5","2884737","1216759","726868","29013","51117","4908494"
"98","6","2866487","1276701","740462","26312","52057","4962019"
"98","7","2810711","1322232","754864","24302","51966","4964075"
"98","8","2808107","1371011","766457","23143","52956","5021674"
"98","9","2728103","1424287","777439","21193","53431","5004453"
"98","10","2677997","1463590","783631","20494","53685","4999397"
"98","11","2629690","1498565","796726","20375","53699","4999055"
"98","12","2581593","1532164","810034","19874","54050","4997715"
"99","1","2549349","1559676","821787","17921","54906","5003639"
"99","2","2536960","1584559","831451","17778","54553","5025301"
"99","3","2467501","1620864","843408","19009","56310","5007092"
"99","4","2461351","1655335","852871","20157","57530","5047244"
"99","5","2436237","1688541","863372","19007","58459","5065616"
"99","6","2386976","1719475","874813","19266","47874","5048404"
"99","7","2359075","1752984","887679","19482","49533","5068753"
"99","8","2335212","1783065","897502","19371","49073","5084223"
"99","9","2345997","1811392","905830","19891","47142","5130252"
"99","10","2411942","1909185","912581","17822","46938","5298468"
"99","11","2395257","1931383","920392","18867","46094","5311993"
"99","12","2360485","1957840","927637","19064","46573","5311599"
"100","1","2342438","1988718","939219","19024","46412","5335811"
"100","2","2331191","2006530","945657","20859","49881","5354118"
"100","3","2316204","2037404","952142","22053","52097","5379900"
"100","4","2301111","2056045","960686","21340","52428","5391610"
"100","5","2268606","2081579","968698","21254","53093","5393230"
"100","6","2226046","2105204","977224","21661","53982","5384117"
"100","7","2197776","2146301","987348","22318","54786","5408529"
"100","8","2168222","2187098","988126","22195","55649","5421290"
"100","9","2168804","2220287","999668","22733","54221","5465713"
"100","10","2126576","2252259","1005839","23256","54585","5462515"
"100","11","2124003","2277755","1006930","24030","52066","5484784"
"100","12","2124588","2302158","1013796","23540","51846","5515928"
"101","1","2101257","2340230","1019119","23870","54158","5538634"
"101","2","2043697","2392700","1022835","25855","328504","5813591"
"101","3","2005275","2436425","1027724","25668","339079","5834171"
"101","4","1983067","2467538","1032942","26487","351423","5861457"
"101","5","1958261","2491030","1040395","26533","451787","5968006"
"101","6","1943151","2515143","1047974","27577","532863","6066708"
"101","7","1919954","2536506","1054934","27885","620038","6159317"
"101","8","1901281","2560094","1059973","27497","688186","6237031"
"101","9","1879835","2580528","1065926","27479","746542","6300310"
"101","10","1860045","2603002","1070038","27795","795735","6356615"
"101","11","1838928","2622287","1075394","28778","838341","6403728"
"101","12","1820462","2633495","1081623","26131","887108","6448819"
"102","1","1793044","2656824","1083070","28498","939353","6500789"
"102","2","1772245","2676854","1094155","28885","991628","6563767"
"102","3","1744708","2703358","1099645","28832","1034126","6610669"
"102","4","1727458","2756865","1105052","28938","1069817","6688130"
"102","5","1710391","2769112","1106731","29347","1109505","6725086"
"102","6","1696627","2778996","1116290","29908","1155242","6777063"
"102","7","1677139","2793507","1120789","29962","1231848","6853245"
"102","8","1649533","2817542","1130808","30087","1301343","6929313"
"102","9","1623833","2849664","1135958","30341","1344143","6983939"
"102","10","1603633","2854206","1147017","30435","1325450","6960741"
"102","11","1583743","2866705","1150370","30798","1352000","6983616"
"102","12","1553579","2895437","1153898","31086","1377934","7011934"
"103","1","1530971","2924395","1171931","31590","1412660","7071547"
"103","2","1525014","2930103","1175266","32022","1442354","7104759"
"103","3","1524083","2941437","1181745","32526","1473469","7153260"
"103","4","1511339","2953927","1186971","32843","1502351","7187431"
"103","5","1478178","2971640","1191702","33193","1522588","7197301"
"103","6","1465117","2981950","1197058","33363","1576035","7253523"
"103","7","1443915","3001665","1204353","33597","1623723","7307253"
"103","8","1424466","3020075","1208297","31915","1664151","7348904"
"103","9","1414477","3036219","1212117","32288","1695325","7390426"
"103","10","1394317","3076374","1217243","3962","1720183","7412079"
"103","11","1381057","3082185","1205553","3821","1744461","7417077"
"103","12","1360787","3096263","1208765","3799","1767005","7436619"
"104","1","1338067","3113589","1214406","3741","1789035","7458838"
"104","2","1319026","3127275","1219264","3868","1808505","7477938"
"104","3","1290148","3157427","1224861","3631","1829473","7505540"
"104","4","1256984","3179120","1229376","3607","1850108","7519195"
"104","5","1230997","3198033","1234062","3654","1876519","7543265"
"104","6","1210235","3218440","1239350","3723","1905454","7577202"
"104","7","1182111","3241705","1245730","3643","1938588","7611777"
"104","8","1158256","3263904","1252515","3656","1967522","7645853"
"104","9","1135314","3288229","1235175","3494","1990970","7653182"
"104","10","1105882","3308414","1240585","3505","1985611","7643997"
"104","11","1081087","3328084","1242979","3496","1980515","7636161"
"104","12","1062190","3345238","1245418","3484","1960775","7617105"
"105","1","1039792","3375768","1248992","3483","1940364","7608399"
"105","2","1024609","3385737","1251872","3419","1939629","7605266"
"105","3","1003344","3407753","1254345","3417","1941672","7610531"
"105","4","978039","3416272","1267632","3380","1903587","7568910"
"105","5","960261","3431823","1272010","3367","1866257","7533718"
"105","6","946855","3447738","1274252","2769","104526","5776140"
"105","7","929240","3476527","1279808","2778","104774","5793127"
"105","8","914658","3495553","1282373","2778","105120","5800482"
"105","9","905125","3508817","1285337","2759","105494","5807532"
"105","10","892673","3518042","1288914","2766","105739","5808134"
"105","11","878748","3522091","1289690","2762","105970","5799261"
"105","12","865786","3525140","1292081","2757","106235","5791999"
"106","1","854729","3538652","1293953","2739","106486","5796559"
"106","2","844087","3547462","1298389","2735","106839","5799512"
"106","3","828119","3557824","1305239","2721","107177","5801080"
"106","4","816945","3566027","1312397","2710","107532","5805611"
"106","5","807555","3572313","1317798","2702","107829","5808197"
"106","6","796714","3581614","1322455","2700","108397","5811880"
"106","7","786068","3591248","1329048","2702","108578","5817644"
"106","8","775653","3605196","1334162","2711","108773","5826495"
"106","9","766990","3616082","1337664","2708","109052","5832496"
"106","10","759702","3619652","1340662","2716","109203","5831935"
"106","11","751226","3620307","1343612","2702","109367","5827214"
"106","12","743100","3620861","1346602","2770","109561","5822894"
"107","1","734223","3622339","1349025","2664","109756","5818007"
"107","2","728481","3632575","1350944","2650","109906","5824556"
"107","3","722735","3633138","1354355","2630","109997","5822855"
"107","4","709735","3638785","1357981","2685","110095","5819281"
"107","5","699792","3636643","1362184","2739","110115","5811473"
"107","6","687513","3648528","1366954","2751","72371","5778117"
"107","7","675762","3657435","1370045","2746","72449","5778437"
"107","8","664620","3669527","1373243","2871","42768","5753029"
"107","9","654541","3681027","1377511","2888","43989","5759956"
"107","10","646395","3695136","1384952","2885","43715","5773083"
"107","11","638017","3682291","1390516","2845","43995","5757664"
"107","12","628821","3675311","1417793","2854","37155","5761934"
"108","1","619915","3676146","1403819","2860","45903","5748643"
"108","2","614337","3686769","1405374","2905","45283","5754668"
"108","3","604660","3693543","1414155","2864","49997","5765219"
"108","4","595844","3701074","1423497","2874","53657","5776946"
"108","5","595541","3704700","1431511","2846","72231","5806829"
"108","6","581666","3708979","1442634","2863","63844","5799986"
"108","7","574350","3713893","1455229","2932","69136","5815540"
"108","8","567436","3720578","1462537","2908","69755","5823214"
"108","9","561162","3720838","1524329","2867","68538","5877734"
"108","10","556039","3717454","1544521","2894","69092","5890000"
"108","11","559580","3715936","1549800","2935","67915","5896166"
"108","12","546747","3711610","1570463","2342","66106","5897268"
"109","1","339317","3819483","1620637","2080","31","5781548"
"109","2","346192","3829926","1631186","2078","59658","5869040"
"109","3","343073","3799140","1683423","2080","60248","5887964"
"109","4","339536","3843537","1657030","2086","58838","5901027"
"109","5","335238","3838568","1671898","2097","68080","5915881"
"109","6","329484","3852687","1685901","1873","79969","5949914"
"109","7","326335","3858678","1699797","1867","98534","5985211"
"109","8","322716","3861454","1714029","1860","99272","5999331"
